class_code	total	avg_gpa
SE01K01	1432	3.046508
SE01K02	1399	2.979671
AI01K01	1427	3.000638
DS01K01	1369	3.009036
CS01K01	1417	2.993726
IS01K01	1457	2.990172
